,X1,X2,X3,y
0,4.0074866952191,8.358965027745008,73.1574030699316,-106.41642218159937
1,4.0307542441672854,8.959431641183055,26.070471756726228,7.717158468359013
2,2.5328696873826253,9.213010059995588,29.82526920815047,43.97278078093955
3,5.068384497078885,9.917835117460012,44.86352760399869,-16.32334707383577
4,1.8456015825249572,9.758110497658956,51.51338748415296,-62.14282423054476
5,0.570840262887452,8.60500302205439,25.02056012697235,31.585809960218896
6,3.669265379052822,9.347245508442148,81.01369798465369,-114.03054369992716
7,7.198372866509692,9.388225158160695,24.84588374099085,42.605994602835885
8,4.741745356417781,8.25075127575174,47.15805446321054,-34.94399640773674
9,9.22620277596449,8.270576837497487,99.25924765064852,-213.7946597808564
10,1.7012230118160143,8.530468599068747,91.90059467707023,-158.8902684870468
11,7.183817796241787,9.445728192843667,52.09530691566355,-6.070629390491497
12,8.697976390439774,9.284923074913328,48.66042536600767,9.424319165557762
13,1.2930975577722459,9.445297032933995,18.86155138205737,3.9087075681296497
14,9.740558110843041,8.718012830721955,27.06462151840143,48.00750699006851
15,7.542156213914369,9.756369584376813,54.599189258502456,-28.48072356849765
16,9.16677455762512,9.255640421980468,63.51246255721528,-44.038042432311734
17,0.37702841148087307,9.09893621280003,31.901865675416104,2.9507459787570536
18,2.858488470499967,9.218878418958257,30.833016714453997,40.405340241308124
19,8.229078779653467,8.368632889237269,54.95984842222288,-70.98593354061344
20,2.7473362991612227,8.052711681046484,93.48571299837002,-190.2462671814228
21,0.517239480473618,8.15877183531617,65.36151644428881,-125.03002046011532
22,1.4794328125708123,9.802040971721162,33.50680210235757,8.765595002400142
23,0.16492669201187415,9.763092965651403,60.15398717913318,-70.93762020169129
24,7.824166228333964,8.039081436040119,62.970087881246045,-43.035587058064365
25,3.4912160748798584,9.71116327479428,52.928772255260164,-53.60470933755639
26,7.496778456015708,8.193573837274293,17.646489062001343,79.99124516926504
27,0.5495339221719031,8.508169979701366,91.73991760323237,-223.7309279336279
28,0.7819822366013618,9.303081932037152,67.04596533253255,-107.85933629779927
29,7.893405249305418,9.98131279012092,60.745393209434205,-21.776641729143286
30,3.7043805282091267,8.677505814942103,71.37584910010222,-116.7873910738398
31,1.1096244233245833,8.447724447128119,29.002136991308028,9.767708686259459
32,4.052160237558626,8.146764833666591,81.5387093415762,-121.9361070424151
33,6.512987809891831,9.781167564933694,31.526469030283973,56.715972720497504
34,4.362882072078515,9.860227566475787,36.527383955393496,28.108879992666733
35,2.0247515089597243,8.22431327283388,93.51317852091233,-190.61447678655307
36,4.4388958047777125,8.588196628121038,74.3322048514583,-112.42591017391165
37,7.421480973498235,9.568356697871918,51.165535716874366,-27.16153141657865
38,0.9601509224859861,8.554971657173006,86.42204023268803,-152.0821552539813
39,5.1172126387734185,8.041905932156181,77.88554374829299,-79.83229842018939
40,8.436164447201621,9.879411992587444,77.75220026132311,-90.75766686534205
41,9.935436520705226,8.570164367597446,23.991534065627768,52.07530547331814
42,6.3075617742796775,9.642060666659804,33.26406611563196,28.88905592478198
43,2.854733297911479,8.275979458076053,85.07579369306022,-199.69347202266331
44,1.2602175782318747,8.741444570473604,35.946359473077244,-9.167700828365383
45,0.1335570314613499,9.36989307767044,84.80416040371853,-177.9889009659384
46,3.3815562105269037,9.532135807729896,35.683032097950274,2.444146170855701
47,4.843201731857469,8.63409630459568,70.27482740107726,-99.90172667100326
48,5.461910467095722,8.731257916096718,46.76048833913373,-10.551053872992707
49,0.36039374082180387,8.812020118493933,29.61737376220958,5.375420221808472
50,0.6122445122415188,8.693444022866787,55.73873515783582,-60.40036678500415
51,0.2316075270215845,9.68166240420654,53.27355040027152,-90.76219106452737
52,5.073894406833908,8.221417564113263,46.032724402765226,-58.55399116301038
53,2.6659102417146485,9.140383662711931,33.48033698331474,2.2740128867700475
54,4.453057647962049,8.152648672720456,48.34287743874576,-52.201706332959574
55,9.73609258721851,9.081591371608313,33.19184152517673,37.028461909257814
56,7.9777631440584,8.740822971276273,49.867751415556846,-15.225802169631038
57,2.8412551599166136,9.75638103297338,94.5294165436164,-172.52842400709514
58,5.557863910420257,9.538604028677867,21.135612307949422,71.08328903628359
59,1.9758799307309116,9.95901706739713,60.21188474156885,-40.25290780456956
60,7.906008616461415,9.834149396974507,97.90845814349746,-175.33856405378654
61,0.8761964528687827,9.675871016917444,71.16626444032305,-113.76599842953283
62,8.379254633873472,9.305440999195486,91.46059651257997,-133.271729272097
63,2.4126255398140586,9.23299955288327,90.3843636349736,-170.92994293913534
64,4.342623142797973,8.566771021348798,39.316877637245554,10.106207666851166
65,4.2786157723215235,9.038499290250419,94.26952915352406,-219.0395883727063
66,1.0211717957125521,8.2544268260751,73.92364348408671,-93.50873079617037
67,9.088137341651008,8.983917770173214,96.54693278706765,-177.21355973167104
68,1.490113124501089,8.033930319368299,49.4379341883678,-56.28626601336095
69,9.075680228303737,9.147569425797784,17.27810106400143,99.11420469383441
70,0.10453580559142805,8.955977140417758,63.0586039018351,-114.8020655086345
71,1.7353438504253138,8.10651127537835,21.85036008522264,33.43194649348313
72,8.39138654523264,8.970363803566892,94.99916966786606,-139.25237373252259
73,3.102546368285808,9.24953462220408,77.59288580303308,-114.30041998775322
74,8.48985675567609,8.885663965375679,70.57311805493276,-98.93851700326557
75,9.113439495296188,9.089461585829952,44.45323536692966,43.2589662495515
76,8.999011164418402,8.110807193249896,20.194486665946805,70.05891859416846
77,8.672286285319084,8.505880286085816,87.6493763930014,-157.5810770765697
78,8.37762189322453,8.814487842335133,70.43222865647564,-68.62410916377036
79,2.5364284646081927,8.130810761424755,44.86522491459154,-39.81517107261878
80,8.430081284273042,8.284107501304769,53.94759719954597,-27.563463663207106
81,6.176280910699226,8.75109536047447,59.67960109491515,-131.91677833899934
82,9.841769638729003,8.465625815927764,73.51032962438735,-60.24377021083531
83,6.105401468161318,8.403148182090659,15.30576570957499,71.69380307707891
84,6.516983659169746,8.407137464379293,54.45724279512318,-43.4248445870799
85,6.544651618904597,9.81882071583938,45.7674685561617,-14.99285423309809
86,5.523273101940949,9.948679030012956,80.35584641185508,-98.61700871068271
87,1.8573010140248303,9.29189332253795,70.08257889889114,-88.34390156297184
88,9.809763708506866,9.434396850908469,74.77162447421017,-75.50536939447541
89,0.9593663463500568,9.888566834715919,39.043424033152206,14.391951848380998
90,7.4826288069014115,9.864351299726327,37.76669514043912,24.353417870625545
91,5.246184102186325,9.796640409272154,39.67817564030207,-2.8364939311834956
92,2.9075972492334334,8.766607205426169,36.43155918231099,-27.647630420142235
93,2.281907525421846,9.595869148106862,62.118711798382265,-90.6822705121847
94,5.0373916091403,8.240335402315889,35.720479001101154,16.760753596513773
95,9.319571618832352,8.005983299898153,96.13669493960064,-163.39133476219195
96,5.74129777748651,8.432562453590362,52.20683685163919,-50.483717416674274
97,9.897446158290098,8.549611317383853,68.54891228037316,-60.097629969882604
98,4.297730250200078,9.42557361899043,21.84585363160607,28.827050876483845
99,4.163557482122309,8.565798150171005,36.76553537008941,-14.058463380482932
100,6.27877303274794,8.698533364515711,32.12802811834948,27.819221648709643
101,9.073683287058103,9.73027203581292,87.02893098780832,-107.08498224293382
102,0.6942273881962979,9.870378077285256,89.86713567567162,-157.35465413095673
103,5.5040314302137885,9.389617059791176,76.45512515076794,-102.24313400768598
104,1.5460583513463122,8.611820386214088,61.87043043905798,-82.07703344330649
105,7.185608003378373,8.822485703782473,92.99129615257398,-127.55136115448242
106,1.3540690197670935,8.56538603400653,26.685136089785566,-3.2533085029637725
107,0.0454646640123324,8.252100078940623,74.13866578042743,-149.0280265585641
108,5.375161760590189,8.389349919534082,63.49263688001603,-55.21711553923284
109,0.1659280188427814,9.802252828487957,43.71272423871069,-57.908169839919466
110,5.355145355028937,9.386171496254732,79.43695098193432,-100.16390112262442
111,0.45692068275190123,9.382524652326092,85.99479648397653,-196.08884599549972
112,1.5397936580752225,8.719618723693838,93.1705475183162,-193.63178909035958
113,8.43010447224285,9.331833400955167,24.114373332180485,78.10901249260579
114,7.979294140481246,9.569540608086266,57.04454705536852,-39.6204217048617
115,3.0359431388321214,9.963198017132575,88.25508924319247,-153.59708009740578
116,3.984933872477565,8.274028533289417,65.54488893592904,-80.35659202487598
117,4.49294104294688,9.777589894760405,95.48456992370937,-202.58308541662194
118,0.2053517693126472,9.495862442278789,97.16673443863982,-194.5733873400541
119,6.175541150623166,8.015060711264276,81.60196941151713,-125.8807111822487
120,8.045548713947593,8.344248033830466,91.12145881913335,-154.66279363697436
121,2.341720114459976,9.509888787986535,54.17088565757503,-68.0593014805002
122,4.0012838988582295,9.892897031306212,17.119585220481163,53.91895421692311
123,4.933141610001907,9.57358771644495,90.11685474441305,-141.22382693196178
124,5.01881118908252,8.715042349331014,64.05233908222581,-113.97279329021944
125,3.334882091816217,8.467653437105023,59.640861401284916,-69.69742739095012
126,1.0542027912921503,8.49795511322123,69.70378945089308,-128.44728333551615
127,6.408078376355695,9.888133584775067,37.085452160474404,13.685045388784333
128,1.514691238998842,8.762701760390684,98.14698492538292,-185.35841522367244
129,1.9517665890294922,9.307359823935375,16.117375213959896,68.05289901681864
130,0.5739145473872875,9.636311720657762,32.11247747542288,7.6863774173233494
131,9.147445472704968,9.161868927079638,39.81330267554467,20.940541193576188
132,8.306700912138824,9.442496348406593,28.608818607137884,66.45455689054722
133,1.590042777894457,9.901567940700247,56.137827860192104,-23.576900932177566
134,8.677066754901109,8.33243196042118,69.87932686655186,-70.13567195706418
135,5.072982041428629,8.372394696924133,50.140017042975735,-60.57177059064658
136,1.2830137070983638,9.306090275623397,66.93830964031761,-143.04427047162926
137,1.1311775039958072,8.496486989617779,64.77140737423656,-65.08852935724136
138,2.227977805067687,9.961724068500608,87.16247331341933,-185.43726771932128
139,8.898369750271282,8.56300986646328,59.47804522458085,-24.10451415966306
140,4.509220864991016,9.718101550801618,83.99015733752393,-116.29464379104303
141,6.97209671111959,8.688914634101147,59.01720059438218,-62.8981875674847
142,3.9029015366155697,9.129559276370331,95.5380136303483,-161.75269596423172
143,6.2262376037888565,8.463965382422606,27.199631755591597,17.165021143293256
144,7.164481111807984,9.58117850531933,19.68810350812485,96.10612908995725
145,5.00859239223467,9.324407760811624,94.46570419816047,-175.59679507784097
146,7.600812242470999,8.986842631334184,33.27267911321714,42.072604804357525
147,8.32603753165889,9.417599675695005,38.03741392676556,41.377704049396144
148,5.599436164140923,8.656728987767448,85.73213303915723,-145.066496592429
149,5.438525611079102,9.949268036487389,81.05464776132452,-69.16326228690338
150,5.879719958037603,9.352366346222365,63.63127599560049,-58.048706209437896
151,0.25154256360471416,9.814205434370852,40.84475329747083,-7.202595397381362
152,9.891018581793361,9.631546485275386,75.54445841664862,-90.34323529073887
153,0.7077422417609547,8.341259737014166,96.60047061964418,-203.9840176098047
154,8.176151694935939,9.847689622500647,97.0633257848888,-124.6763774928391
155,1.3703576079947555,8.9568649260132,83.3141923749464,-169.6188143080675
156,1.530196450094573,8.031867336531947,88.63704813206475,-220.4138937622605
157,3.5924169751535118,9.151521815569112,97.05515793792911,-188.3582195909936
158,2.5346244577769883,8.728348077933866,47.58827275611291,-60.54260224982269
159,2.187643894486845,9.128863314128692,70.05816506538282,-101.26368396444715
160,5.633834695688613,8.894342196665802,69.33736241454034,-80.16381530046493
161,4.800623963671789,8.430222281598581,33.53875220020561,-7.187521324996094
162,0.9304686872398715,9.674993995261234,90.37701680230415,-176.13284466291833
163,5.13906558829451,8.83431924173499,62.8951272104941,-92.97083849799067
164,1.9741779041318375,8.859161617778692,40.35767800402138,-39.80389431325283
165,4.802703405701564,9.6899687143363,45.731195386741646,-11.760672253678987
166,2.7702025441236886,9.502231394836809,16.802021021942092,71.04278013392614
167,0.10483744073551238,9.603894173809001,79.75687854531908,-138.97761971872822
168,8.877812016645109,9.426421499382746,38.75565271455626,41.43588383556667
169,3.7389846750738123,8.844560818353807,38.317279652823316,11.951444252303357
170,4.16216996205034,8.84855318610009,25.797716410857774,30.451066159425785
171,8.77582500103929,8.455798309985681,17.161791014388267,65.93967659062007
172,7.607709251874066,9.180385972295582,82.07002580482049,-135.13072371399738
173,5.48112380990173,8.666190523031151,28.14777075478988,4.842780763554671
174,9.02340963755306,8.263367008400294,99.9747246812972,-169.3797902914975
175,9.207013256318778,9.340974645533628,31.654566087942165,40.02073483545412
176,4.654408030835361,9.892904303846672,18.60826429538416,108.8501280783621
177,5.6564677152321865,8.41191214195338,55.406173035714446,-51.37159042627202
178,0.28558035544079097,8.713235167235677,97.47795916855496,-232.06225885455956
179,1.4033061862458585,9.107949020667796,19.507041327362774,68.0346162112638
180,3.9999819175167453,9.973157915187675,39.96979075743579,-43.13498428571907
181,8.270977246405252,9.23020400850338,89.59661488732375,-162.08356861406628
182,4.55391369995628,9.89640396487475,44.96504126005387,-5.8902244954997425
183,6.9358320597171765,8.938937735993647,40.56337832595837,2.083360444555358
184,6.379803456244108,9.580970898179054,37.09108624543172,41.883369097640106
185,6.558830272417713,9.452467258306473,71.6761972852209,-116.70110008777714
186,7.693189947219788,9.576119084606445,93.23007333797659,-169.37355426510578
187,0.0022724991417177876,9.346572250265758,88.18799659855004,-182.92416426022893
188,3.006954448400143,9.999913829458574,30.008594738390016,16.718029450772622
189,6.954714884023026,9.466394702953135,69.25884219250617,-106.85489979663244
190,0.9088742177309217,8.099747076960568,22.138646977173085,23.313796677459514
191,5.236475240194501,9.164268109653861,85.89487898956492,-151.71729974796216
192,8.94595028630661,8.910180548258912,72.22600684330507,-112.30879188510598
193,9.637058672505255,8.778397171542132,31.172699457350358,24.519554399859103
194,7.05688187467238,9.899437642668403,70.0163391769671,-53.683200333649104
195,7.640288870001651,9.756750580595604,64.88105680695709,-67.50521057522786
196,3.4460785847683195,8.987406537620263,48.602344377811754,-41.925312998272204
197,2.5185032823038025,8.805145777880568,63.94426852248987,-73.40568149568745
198,6.672091153778678,9.451757977457218,30.696250255682543,41.55682173072325
199,1.4930501508479133,9.941696906010044,26.29203896074121,6.975324180715614
200,4.709166922777273,8.238654216984676,23.74899879115135,28.29415241347445
201,0.22291937575851017,8.176664247863867,63.89553591665043,-121.2052301469441
202,7.597110559297995,9.819032260860762,41.88360617981666,13.665024394581408
203,2.0565707990659243,8.801381776248114,86.87843032686581,-173.7677262443825
204,8.405904741259858,8.62367028673895,23.232239873585133,79.72217061702567
205,7.748543323557293,9.88477372117539,53.74757450622415,-39.48204587868979
206,1.7616404516675943,9.830780547220726,65.11834597002644,-98.73157709810349
207,8.84558790594128,9.33336608684415,72.76176531297001,-79.28613475335477
208,0.9306395402980749,8.818850914526942,66.92715435309228,-69.72456766697339
209,2.021884454300069,8.142660586558643,48.55413161835561,-38.36707305522779
210,3.7240548285746176,9.78915118388874,69.62601111434103,-82.10460447192276
211,1.7365571077313346,9.22124767340947,70.34692036374906,-121.0738244239677
212,3.452337427247997,8.490707502721982,97.22400210374059,-168.6243510378555
213,5.677384811639643,8.420343296192929,43.20286366699514,25.137469075009477
214,1.5695199392770598,9.979708183308034,15.654526398588967,89.87965196540462
215,7.757404306751504,8.880895432187058,97.76501215007406,-145.39095143834362
216,0.33661577731850745,9.037938909577669,61.19024257359461,-76.52456771993064
217,0.10958514027322508,9.39262246138871,23.76240739414746,9.676498564077084
218,3.201233555032672,8.018428554700323,16.561898212746048,55.310086517303034
219,5.267271046521154,8.769259071787316,87.71339919082284,-135.33181449545074
220,6.297265651653495,8.328548945883787,63.68341562820398,-81.81135171304634
221,8.815138331177767,9.08047058114272,91.43160131601202,-100.92374008041426
222,6.411391728713039,8.735160506807174,76.97755775761524,-103.30002914706431
223,0.2268791551494842,8.311476215705099,97.47120913649314,-190.34917035321865
224,6.951902978481513,8.657957432036898,90.81725965251945,-146.58542519974768
225,8.846517980687752,9.706246126810928,58.26219618062312,-75.06389524436484
226,7.513941049550869,9.639544464659343,63.044229978383385,-62.9252646801459
227,2.6307797110890085,8.177878769524408,85.42307378381358,-163.07867450003155
228,5.075744901964252,8.710678319031492,21.34684967730836,70.97267511095657
229,1.241910137853951,8.17505776460189,56.13349554630156,-75.4981239804613
230,6.087256925696596,8.893072663335525,82.115634756874,-124.55645690215297
231,6.93312803720532,8.463806344786654,44.53844276320579,-8.331945944883284
232,0.7778623174732724,9.912314241031028,35.63671457659311,-7.039672469035711
233,4.040814974378424,9.344375563325595,71.06502477887402,-114.35662428708832
234,5.1348688940881315,8.156635537367546,45.583160701426806,-54.46184072118895
235,8.070662904099175,8.83619745229037,63.67110156067898,-57.30891133558835
236,0.9896631052182925,8.557775855940479,43.40831942792647,-28.077417785871038
237,4.725317281425513,8.76565744754936,95.26289741810089,-119.22864977469015
238,5.673418480509234,8.481561551969179,20.217274630050447,60.51739277167815
239,5.359836933524262,8.156968692241453,36.43510476901178,12.433320667116618
240,1.8426288719633588,8.520620445006795,52.95511618063166,-69.96147430513635
241,5.8678306412763535,9.584094732392833,28.292085789567253,50.313501164695786
242,7.859110357501401,8.180366195538808,33.88271453239163,36.712367357532685
243,9.980687158469323,8.91832168061428,39.83870555348605,-1.4620212512729722
244,0.5272959838425939,8.694154587260055,58.80104816703154,-114.66620025914284
245,0.4267885407789973,9.037844845734757,89.5069612350989,-152.93004773180965
246,5.28934496340423,8.873143103449612,96.5177668987746,-150.7362627248219
247,6.033794622457133,8.34510451499855,96.32733987644144,-167.53457239861453
248,0.8225341709428347,8.823360025973027,89.70326593654303,-194.38446853921602
249,7.098156723273955,9.059934884400413,91.90186243818994,-143.71385565847112
250,1.1613839326515707,8.831817436248652,76.0238544266181,-96.67044801145981
251,1.973024801128651,9.615773122283612,19.92328782363124,12.007513268160537
252,7.792854566880632,8.078864099007307,57.46638068748103,-80.78791915283136
253,4.558789139775775,9.183482059303547,98.43261725842609,-178.13346175682452
254,3.0884964291341865,8.358502128334486,26.70951209160698,18.97416411010477
255,3.6767577929861393,9.320286521543899,68.46332677137546,-119.18321125522452
256,7.6330767095076935,9.909411674114779,87.39773497188676,-141.71056305537988
257,1.8044748539497535,8.318576009975525,27.089030760860794,22.01946711571603
258,1.3774285663948205,9.737970786669344,16.626707276614376,44.30587450718514
259,5.0086087576919684,9.965430826826045,61.24756892409788,-74.8141584059309
260,0.14902534842212378,9.64610250155472,80.23604730424637,-112.91397666540266
261,3.472942919427935,9.158772737275703,97.5850210181883,-179.6935240061486
262,3.377372301390047,9.69963542880545,79.01730998023741,-116.90845156609028
263,5.046312807542956,9.531803351746548,38.303851345453396,22.96845776218607
264,4.923791254302775,9.769676110846332,23.903850766489814,56.58557567239528
265,3.502956175858759,9.41372945231412,81.51828119653655,-111.3719553102522
266,2.023899980447074,8.471245060899136,98.06179661666671,-192.0898923878844
267,1.5994411234558736,9.851322631749497,67.60263398686797,-58.42387351479273
268,5.610165214378405,8.743293658552265,56.09591783074793,-62.51904572048527
269,4.461756149713716,9.678322697649968,33.81710888334618,25.39417019058169
270,8.552990260645121,8.121859166264347,64.29033902591138,-68.416321904014
271,9.111806228478045,9.960313725562646,69.53575186488871,-76.64967723753506
272,8.765647930363809,9.310477361685113,94.07143074873859,-151.6549775691059
273,9.654292256638625,9.76845805409403,97.72172055653554,-161.66236371896065
274,2.023113059465389,8.436420624027452,35.82496152894909,-9.44737866155382
275,7.263758589061641,8.484194645198796,98.07953081139988,-153.40759845004018
276,5.713180162218395,9.04516914102091,24.83402429048268,44.98561106756093
277,5.839273296107189,9.936345766858143,81.33995845363917,-104.38451165453284
278,4.567218973156585,8.529570399210618,56.34360548938693,-53.82363173033889
279,5.821108435172543,8.740901028755937,83.50490464460502,-139.51203414574664
280,0.6774828417340106,9.679909709778196,53.371084770872955,-69.73641483574049
281,0.05950522622718335,8.756640775432388,20.98990945836146,17.405473506519794
282,4.680117494250532,8.209792530314111,33.20911763734717,-42.07891966042406
283,7.902277425965741,8.537886812287695,91.52091963767865,-118.85190399477153
284,9.22948857966248,9.899270757504501,60.426963940310394,-34.879050568427665
285,7.202414025569201,9.691095270468471,86.78170229412433,-133.11089772836814
286,1.2593103385003823,8.866916754252026,39.59354067603191,-49.12691354509777
287,7.190924664721432,9.918064227132362,70.09849425604222,-39.40062452408087
288,6.154942694172913,9.165161270381917,59.67351540991201,-63.68439421643978
289,3.8671840248484033,9.926523534785622,24.52992524963915,42.91615726183871
290,7.852140395451432,8.129716072739802,91.98842751702851,-147.6823460626493
291,1.0134406065256263,8.015721506055323,36.76081728449887,-8.602526285007787
292,4.029378712798378,8.899735011491485,91.33187628392125,-178.52718162147715
293,7.423966768332791,8.366160751860248,45.80307696278091,4.516277096206281
294,0.12433811311998055,9.261695740802738,34.96851455827882,-11.02929622982854
295,9.28182670012252,9.444963337871258,19.180027963678004,110.18233213886998
296,4.602234859771964,9.531912239842496,72.59140889031806,-100.45472376464485
297,0.6962501845963209,8.169856687375425,43.833822774875486,-53.60184965403276
298,9.099308711460113,8.381993324731457,59.08020282735459,-78.99097846606988
299,1.2330449992062509,8.771194362077562,44.47858256281043,-45.94453510802763
300,8.947816630805324,8.392158893994594,45.005288974903024,4.185734188362748
301,2.0506002268831724,8.442665632369978,90.25466381079953,-161.86208598698647
302,9.319887858886704,9.031351706913298,35.62615937500787,25.683568628733365
303,4.979291388466401,9.745222889077226,18.01162015288406,121.06964958852936
304,3.6000405660710144,9.948909509014342,24.21624169619126,9.99782022002541
305,1.6087119289331653,8.146541860991734,79.31639267918655,-150.32889593780538
306,7.263759711212998,9.764135967018811,21.551108148395308,97.93050882615846
307,8.352748531048107,8.721517699693306,47.644435334916366,-2.0992174215621358
308,3.1887889577468687,8.989260764444879,91.82196636572938,-166.22340875747923
309,9.780653647022643,9.19064338941077,74.5421138530213,-117.85075838568349
310,4.7271118590716625,9.70786613784163,42.530246086659545,-1.1048911393398457
311,5.6614439618716075,9.636830310787218,59.057345261022824,-63.34810320397386
312,1.466844092260483,8.799883351333495,69.54165809163382,-109.85987266054421
313,0.9974441817026347,8.311883914708154,39.93396442653252,-12.03947663914073
314,0.8651712643359188,8.930768661523627,85.46618164441362,-163.27198003758036
315,7.530138272015606,9.364720885309563,81.57333414343434,-119.17315120281151
316,7.4228930009363765,8.492762726822772,75.30580262559161,-85.38645825699791
317,3.1550635869719326,9.641336927920813,53.94193334431224,-50.862038816195216
318,8.453144272006996,8.873001648940285,25.105257494120355,41.05929851537264
319,5.345466575710185,8.704485788703884,79.10031863472305,-143.98423923248222
320,8.325703544813884,8.456185581178506,72.08829732254776,-70.15465902687376
321,1.8603398482259426,8.308360301355757,23.6039233702052,40.684690796620764
322,2.7595302579674907,8.339013115837586,58.33192043428521,-63.53116343074144
323,5.830575947509097,9.143349314315802,89.9527016836406,-146.60431292633584
324,9.299514621907383,9.668749601201705,85.97860447393464,-130.89151046970622
325,0.5729539747177659,8.910450651368024,69.95479439476824,-124.73532243461997
326,8.182973477026504,8.23125820354858,35.27597466430839,55.57511858951686
327,1.6462297444754614,8.576388774426093,25.229350429463686,21.42545040730972
328,4.397061056841168,8.887259191160632,89.62447191488312,-142.82246790697798
329,3.665207606534029,8.709531579576195,27.585297158635925,14.205337784139349
330,0.6577878770503687,9.934629955537877,22.45403047173749,38.906602431891784
331,7.878088794479935,9.606318664869939,53.979151769598445,-20.993973272768216
332,5.123880597115739,8.19829048960353,44.904781040000486,-25.753788090772304
333,1.7683850415589109,9.629952451151965,82.44654037658023,-142.93782770794488
334,5.208312175402327,9.749011747478066,68.28047418265729,-84.72576481013202
335,5.91009064269047,8.03648545701171,38.39314609848352,0.07533411891623487
336,4.445386145037259,9.524557821487065,19.51948039898924,86.57401272014773
337,1.4300800511630918,8.122562165099472,21.617118983404747,23.075447486367413
338,9.61264109921363,9.1001157480317,54.48956878159138,-21.77643602387069
339,4.177697763510071,8.763347190278651,43.92459384376441,-14.563077108911742
340,1.3002513721382303,8.705218977393747,55.66947855485386,-68.16430766359296
341,6.5099307590267514,9.216388097880614,98.91104564883379,-160.70643528708496
342,5.879054012436477,8.040161333304296,25.54899120598879,44.85159536729345
343,2.547375055370318,9.111328744809372,40.703087876241604,-21.74506395882126
344,2.874328302916193,8.384641187766501,50.72807786841604,-75.3935536421039
345,8.052788597163472,8.060727109938473,65.42980882395082,-76.38742243769806
346,0.5620762703494153,8.83294792572819,61.13972188773687,-109.1851128455065
347,2.7819168815162785,8.703717780904856,87.77103801164559,-154.06434065067518
348,9.367113925414028,8.777327799282602,25.676991273910403,66.08848562612211
349,8.384065699764898,8.71409264547368,99.74093151045977,-189.77602672782976
350,9.081738543398014,8.338995965109891,37.714247282118464,7.099388322293192
351,5.946170874706444,9.8781586621079,28.177577192407483,73.9511085201595
352,7.735013194772987,9.435212489038474,70.3530678071698,-85.23514397464025
353,3.4409999433120153,9.478733247908293,28.780882299282375,16.484877511046044
354,3.83867271968654,8.008240581653958,23.247710698476638,2.7732692805229497
355,3.7794123306617324,8.6735633821247,94.22987111579201,-177.88464866511785
356,4.259641530504398,8.364196763122788,17.402058786013935,69.15495804786637
357,7.0689784718672675,9.45714375377633,54.17770613834739,9.33922709749131
358,2.441706292731849,9.416163186884337,67.85395262677673,-71.53302961033712
359,1.7778136262954702,8.800406396458671,60.584910963544495,-79.45484227978199
360,2.164654639454897,8.804041435067534,21.3891148620575,54.75915020267595
361,7.2439039831105685,9.314246259320582,46.845256845011676,10.399683000131777
362,6.314870192906258,9.465132688633915,99.49274181250951,-165.43749388406277
363,7.945349037555742,9.792342600810954,23.104377507255258,64.37553948165112
364,7.857185138308087,9.665775871181237,79.32319384975072,-52.39672868838626
365,1.4497732381150463,9.52818040566499,17.16743573129825,78.7334605771145
366,0.8748815434278834,8.0983440595175,75.52646073796924,-164.3135532093867
367,2.5675692439639377,8.835563588612336,51.193626788729425,-77.74877926778686
368,6.401174123632556,9.218134831866164,26.10118438323469,58.04090951130995
369,5.697078901062415,9.002436959036098,18.387376386371816,41.745705273405775
370,8.893431953774286,9.166273558052483,86.38351831497802,-135.24629309145308
371,9.181418657881368,9.695614974182583,16.924218605930758,94.13128945928702
372,1.5238493919017537,8.576383194832875,76.48304050985189,-164.79752135716055
373,1.189850051363146,9.789961805892814,80.65226438099481,-133.89358377712745
374,0.10053644734846379,9.865872054388792,40.15901589583168,-39.25372832081505
375,2.798394884460349,8.112674811667635,31.235026883991882,-33.07421969283422
376,1.2292211105285156,8.413984021655791,72.85037984395517,-92.41840982972613
377,4.576360746825961,8.267419171577535,30.6510630221936,-12.65144774852028
378,1.8840148536914525,9.21202687534126,89.46098085399036,-155.72505101238875
379,0.07611474479914948,9.086733759847332,59.15638170948431,-99.85885991580645
380,8.963379768878347,8.662450832684996,63.789526511468594,-28.472317448048003
381,9.975529488305991,9.048237013247226,46.5916298926985,-1.5079036010486102
382,8.060040536970662,8.439643317776325,30.929816835334197,68.91514138881197
383,0.30167933321714857,8.30794572808924,26.064439120541607,-0.27247194963468946
384,5.353234844490499,8.368425503023964,34.962232652065765,9.4330159728923
385,6.100005010107571,9.604042878165638,37.515822111401604,4.058088740691238
386,8.514236401169567,9.781527548710606,71.09959909859532,-52.25787548811485
387,4.0995800385784085,8.571480324862794,29.47235360582964,-17.000433326420122
388,2.6139702534296347,9.14322836220823,99.93146838281649,-210.40951377167715
389,7.547909819879895,8.056353353616027,86.95554448535565,-160.1857854734659
390,7.910759825689267,8.2767223878804,73.11448725770555,-89.14459350761283
391,7.872897029487648,9.219554724047082,17.190628985497412,60.98763473549117
392,9.477818685751703,8.229905096659628,26.12816510163234,57.95378153370277
393,4.002082359114424,8.650847001555675,83.51864344822742,-133.45816035643244
394,6.5821638231327455,9.788743127950374,86.21470736956215,-150.25629159337348
395,5.256362077391489,8.845434167304223,75.95296849282187,-112.1574692799528
396,4.18142905589653,8.691375228459018,35.32502417831122,3.085594039574729
397,4.075353156981051,8.067790371919571,64.50438603029802,-113.00880205115045
398,3.7126890636476615,9.606667533347917,92.27008014044677,-166.9468270789693
399,8.438943742889615,9.179817907986369,67.32024004300366,-29.32425894307231
400,4.708260777253422,9.046288738567144,80.82293480585767,-132.9972590191712
401,5.848995929136315,8.983778627697827,59.59861417077193,-78.1896909931944
402,1.6571802162629634,8.74327985388734,86.62058594704553,-157.02627827149195
403,5.471582435558852,9.22378430387132,52.92586394022806,-64.5831061719025
404,5.388185215025993,9.905272268725172,68.0742416465144,-82.13852443109667
405,5.076299540230115,8.311086145982665,57.836059095503714,-74.28420610988317
406,6.430808832997621,8.668648409746497,97.73509598013722,-154.5764627322416
407,5.446837367778342,9.7604034095579,47.97277473518343,8.69284436155479
408,3.182544458044804,8.83249907261855,21.92328515419317,60.22213228431282
409,7.88191339618319,8.588319960261146,44.39250404532109,0.8912797082519539
410,5.6442533564788935,9.242871485688058,28.134747844423046,17.01369328838118
411,4.155788602464371,8.36710018795814,30.36910183608054,38.25483812661859
412,3.2793066227810375,8.722997371068105,45.43001084006207,-22.605015342187315
413,9.206481386721347,8.137332242542605,47.758226215019796,-28.496924853596994
414,9.304692648004044,9.098995245182582,27.42807006011104,41.144164569747716
415,0.10691751718485576,9.240091377768682,51.64538447731532,-66.81030280350171
416,0.9308227907494204,9.651590589438483,26.18670130283898,34.32190215821215
417,1.3408944360412445,9.31428790159886,50.58994499652297,-44.86647259120597
418,6.273370243365537,9.06469406080657,54.146338378544314,-76.73637715938125
419,2.6169172538849326,9.393254262533071,46.58184522386466,-50.93088369074145
420,5.825429574409559,8.170703453404702,28.267493536941647,11.061142728488678
421,5.5490198790041685,9.118089469487717,53.8300181406946,-44.72655886179105
422,2.0034066428993755,8.628049533080961,95.09396460414193,-183.48878852607595
423,6.5708012001684954,9.218487610958526,80.01105854544143,-110.24729823570806
424,9.432068870302778,8.464722182291265,24.19350333553663,54.030182280548885
425,3.5676768406585166,9.574064303792706,28.774743550585647,21.005953046334703
426,0.31801266081397106,8.625628822037886,76.0286449830285,-131.26938857438867
427,4.735270391405248,8.64155015475504,58.350963453330706,-66.1516761495035
428,0.6745759228251935,8.249190046052664,30.82769546331525,-16.018602583248885
429,4.992538619662258,8.900560019013081,42.864560014702796,-7.634051323112972
430,6.921437310027897,9.753091998516672,78.841947389718,-124.93711257732005
431,0.7611761605593004,9.307071223273068,72.58485746238145,-127.01074902900938
432,2.2983002959899723,9.229332487495904,96.49422759003215,-157.57433362530222
433,4.973678672044313,9.876053272871594,86.48803332043853,-160.82910932826513
434,5.427907267338385,8.364576186023953,68.5479363092175,-126.06148850842573
435,4.94934894543799,8.037654186111201,52.57245986003529,-21.446139978823467
436,8.012829670803026,9.295398843914619,99.67609833785046,-177.8772861199198
437,3.0795926287896016,9.838694198976443,21.704658734963694,45.26515868223133
438,1.14019778751966,8.388485626615584,77.57694291273953,-109.69244736537033
439,5.602810387806693,9.690191562216325,40.53799443832342,-7.514011906771051
440,7.691088502218703,9.239995526262886,32.375744430655175,20.045597906425172
441,4.351869255786648,8.034661029331204,43.62212784954339,-16.76118525674502
442,0.8353388599621403,9.458858383800681,71.0536963945645,-118.73979354876873
443,5.985938686864376,9.546652072649511,58.89010201772852,-44.643561525325545
444,8.460641374188267,8.70398168569922,41.44331309218802,-2.65420715164708
445,1.832556713664547,8.91282967881455,73.85304528267253,-138.90437725301157
446,9.129691913863159,9.072433191102355,70.6106678331301,-70.13446388249422
447,1.0365226440084807,8.439723073697818,37.719241724474315,-17.989320725747614
448,1.268238116330519,8.71620210761409,37.47948828663403,-43.327767105584016
449,0.04074416859441765,9.289032555954563,72.55457178396837,-139.0486472844975
450,7.84589029072589,9.237798142874171,76.32566973191425,-132.0651424642503
451,5.604784494178345,9.613665525216275,15.79461549733305,82.2099469185358
452,6.605201366759968,9.32621196618755,96.02770191976158,-159.81273892462764
453,5.2182225959511355,8.745665516349248,67.11208801994607,-95.05029404533522
454,7.957461473257009,8.92516790760321,78.479088397125,-118.16281331482823
455,2.5164415162645426,8.15939115347309,86.55644094562562,-164.97436945034062
456,5.3048150494030715,8.579501961833218,16.481224477403757,51.429374418233095
457,0.5630425079090595,8.927541348640364,23.344431887043704,44.16906962076104
458,1.3733250541178976,8.713458160912953,45.274345041571436,-65.98214010158824
459,1.4198806265420538,9.23056822163214,19.088730709278472,15.344872421697936
460,6.637679577629604,9.72622461305216,65.74356988292442,-25.276357495468005
461,1.0783952170425282,8.091940092326096,72.66981653676793,-161.48626662845035
462,7.570345642031766,9.444970995277902,57.1135402345714,-62.058243853295636
463,4.542549338781441,8.543044628650508,92.81794775198338,-161.92945378205854
464,6.941276574804318,9.81131532634088,35.927243094843334,33.305912381390314
465,3.5672737451860845,9.53945768874051,35.30229111743887,21.675610912784585
466,7.680177173736736,8.201790714745044,68.84817524868319,-80.89123593631736
467,8.173277408580024,8.608515165755446,35.78629947159607,14.73721486365913
468,9.267436926745384,8.99088574940962,94.14813113734829,-156.2237139392551
469,2.070375642523957,9.654909815180178,38.507306468414875,-22.583522620200178
470,6.009565230151078,8.367794302465127,25.66848167871759,64.41192735603539
471,0.3447780495846908,8.922085600171156,36.56854305635704,-24.48939119815123
472,2.929897686618199,8.973398703907113,73.23025236228145,-105.30588991411769
473,0.4230098707383201,8.8255283114669,94.71474860598367,-154.75184861878918
474,0.9726774777748215,9.199328755655834,52.498455067937556,-66.2060394902404
475,3.0091650647581702,9.920702454306706,18.23944604951683,60.27023689092164
476,0.6026662113041525,9.790243598440489,16.61082985201746,60.00032761009331
477,5.831779199776496,8.79051389373575,35.92962115693694,-18.93184368818422
478,7.24416570436771,9.850490818086943,53.958644362856674,-18.150170371952576
479,7.507683005650907,9.139077996251082,89.30411756533402,-128.67356708935876
480,6.98099401434415,8.314961473760183,51.862207472265155,-60.61371641512494
481,1.1335877348462953,8.34729386244708,42.61190405072418,-66.29830275490701
482,2.869594189776843,9.211966291879328,37.86545508976375,-17.045391505877017
483,2.6214460343942845,9.666574788673456,60.48738535390072,-79.9547594513736
484,0.6622806443387808,9.089383801246818,87.77650878090564,-203.51061846710581
485,0.02176949927079397,9.905218314639292,65.30400730262224,-97.34220932018151
486,2.6934439966353407,9.229802939419628,46.23970773929689,-48.27467151097428
487,0.33810793832100283,8.877282494207865,60.78360692778873,-89.88981461963
488,4.678624747480677,8.339006887883038,76.22986907149583,-136.16689373084859
489,5.408265535524611,8.748131033395076,16.698128146207235,19.90590115340038
490,2.0477547696187637,9.799318749810062,79.42776769982643,-115.53705869084577
491,2.2879839910214073,8.79395166941455,61.851638872616775,-67.83595430721309
492,6.533310872820338,9.20372755853112,57.57247451267626,-59.291398396841
493,0.19621909996868414,9.329391374424228,73.09072773381092,-155.44076509381048
494,2.99416098931113,8.265490873617424,42.01224817006413,-28.69660660001376
495,4.804155782887733,8.004543149789939,43.62004439499103,-31.728338909012713
496,5.212737132699221,8.712861564363966,76.61142863373925,-119.9485741244276
497,9.589980509703755,8.549295976945404,54.59095818336296,-27.94773258014925
498,7.606797150791277,8.974497640843353,17.345514426593198,34.24280915920937
499,8.034264080719849,8.343386863423511,91.70092846266508,-171.55270069049925
500,3.295606254470788,8.765491897438306,88.56012226638835,-151.07649619115205
501,3.7677910716663754,8.060762434737843,26.171744882626548,37.36169123780908
502,6.870566037035993,9.40106708960691,91.37661979640211,-148.7411952946145
503,7.072528680225348,8.308540687950865,59.61461928469268,-61.303215812628494
504,1.1084649134515245,8.905511887593722,21.14323399678156,17.07788294225493
505,2.6775274609224766,9.916663600076074,72.14821649472695,-69.2840657886809
506,0.30532773567183313,9.819683994185844,67.6735322415162,-98.71857299424993
507,4.00993969371938,8.024223635200388,28.949872771624655,35.29713765154359
508,0.06122207673893376,9.537805364879231,19.495783021573722,30.125384434537274
509,6.688717088781186,9.737082310583085,46.79488515722615,-10.183424220677356
510,8.688992714184096,9.45720903206105,70.6806050669066,-78.02819832160235
511,3.75823073860127,9.82055273411355,61.60459847055507,-77.44331916466885
512,2.8111043203063835,9.897166558880636,63.50656363414738,-43.26398377187236
513,1.013506369493895,9.136585891606298,61.96859064641025,-60.76463945064587
514,8.057157910740028,8.584574614003397,80.95501422158081,-140.08391363582842
515,4.8427411593344,8.147651996553813,84.74637268825512,-147.7320238072352
516,8.766750471048145,8.201890552397959,49.66568822013433,-15.90404286777379
517,1.5222173963049113,9.348393146343227,67.20804754248725,-89.07728036164004
518,2.1971633743254007,9.63649295957905,83.4944763254187,-121.04347777417561
519,7.332710958264577,8.442015277335916,78.86513201260405,-124.02512900354199
520,0.6552056587774813,8.72116958084298,48.65724996988466,-40.37024895036295
521,8.155112819184591,8.896068087247802,49.61772354576499,-18.91129652578745
522,8.597731426296658,8.866726801981368,43.360493567746474,6.066159863355465
523,0.3161053166127359,8.478340376432254,77.814900208107,-169.7749348083006
524,0.6680324304337737,8.748424697732885,54.009010268849316,-90.23304050168134
525,4.730450750597842,9.428956693813134,61.93167318431322,-70.39580798333444
526,2.056177635036284,9.522597566594289,17.511472601600122,53.551336004346396
527,2.2544375158856447,9.155950320256112,15.723655205269035,97.74227249876833
528,4.343785651060497,9.828188790667934,42.19308624498274,24.77184029630795
529,2.3290998894438353,8.522315603094768,73.92003376229687,-137.3760384645412
530,8.284089380445222,9.406987409722605,60.060606102629336,-52.70438134963538
531,8.914419297949351,9.295428847709248,72.84125376108304,-103.73860708059237
532,8.14306785654934,8.893843228797643,51.32892540098245,-42.39618537216183
533,9.612999899697778,9.524674749662001,80.26154330047191,-119.4184441546875
534,6.638473502471048,9.673549479773614,50.15615859502573,-21.966797667607818
535,0.45956869448920523,9.253043403395498,64.30101971555342,-124.46156337327633
536,8.75553591913908,8.260103496278772,99.06209270957446,-182.00942248778165
537,9.429501741108183,9.000951759115901,75.87537066929482,-87.16999457051726
538,9.691058121353306,9.342740763081252,54.481284899254156,-34.19287221867246
539,7.4930132283041235,8.829656448567725,69.85173272992819,-101.13496315384208
540,9.327363972699347,9.911298709960882,62.64916765109132,-62.24894940438169
541,0.884115792512693,8.111682822678103,21.019632087494298,46.625474991775086
542,8.343467619826802,8.209495748290273,79.94193800913487,-81.77377818564804
543,7.313805831539155,8.237187046651275,31.610674991547796,11.617085063530888
544,9.614458216445783,9.289770561439841,79.69323537373576,-102.3526255042991
545,1.1466707972827683,8.885178286388012,25.515013539572593,-5.831187413910712
546,2.6348090107793096,8.701585519158018,42.80638882779013,-15.077548389230103
547,1.9742767464481203,8.436873330807252,85.85979385018967,-159.337666879208
548,1.4558946805048023,9.989325349797955,60.7855214618144,-53.35864030050459
549,2.6955230700793233,8.575200809092282,18.271489915417114,34.6347125295939
550,0.8390513240200459,9.932215997606315,22.155391454683404,64.41564747663233
551,1.957436235454495,8.343965830870712,57.67116641009408,-61.95415739376647
552,9.475191877082425,8.577858492717818,40.914453533191306,27.162507962019127
553,9.697370164031549,9.013156752384674,89.00002431775386,-118.09876034147214
554,0.03896646561705075,9.979604694653904,95.03017966902448,-186.1006535806458
555,1.8429293946548375,8.846210216383463,87.1967533331105,-149.0344539389248
556,9.27966096153787,9.715499296180818,55.18054360460783,-56.46933711508847
557,6.865002838980942,9.774070485175457,20.416264152084995,72.61495805585888
558,8.147942357467315,9.613923839270697,40.910961223020784,20.6008577486852
559,9.900788638556357,8.507461698618114,37.26281369940972,15.247130568502643
560,0.8069005318705857,9.565356580182524,82.7540055540718,-148.57836616706922
561,5.735117469619892,9.76660947162649,80.23579326194029,-93.36342384587209
562,8.665184332118956,8.591297715252075,62.75409499773325,-62.3973684244345
563,2.464051513685581,8.312252145369303,26.695393135799254,31.314129543146418
564,5.933351726478539,9.034949096621267,59.468584236982785,-47.33901684918304
565,9.758620149232701,9.820584481645465,62.40457754238873,-63.27665230063165
566,1.938111578852133,8.360149105551795,43.012507923258624,-2.91443103942116
567,2.9293651187234406,9.401251881510747,17.867617078746644,26.276936482999893
568,4.964197500715191,9.597097002364304,77.00548699185862,-69.66971317200647
569,6.537520302222766,8.827275345721274,37.65386569061165,-19.307588526981668
570,6.066126057847459,9.035135403984224,40.93516100162297,-0.6805214279436775
571,7.07874281465725,8.27851052029953,62.40080096895801,-56.76055006209958
572,3.142008808394998,8.406561554706672,72.15415907398469,-86.90348910702744
573,4.458535105981251,8.354499822005549,76.0965014042005,-118.02589896194732
574,3.010898113359246,8.571785979467291,75.14188309161082,-155.2711410810956
575,4.3728384306825046,8.483737945115518,47.084305454322504,-18.513580474070125
576,0.507746307262964,8.844062773272586,16.31028853531493,33.5591594058291
577,9.535113879074375,8.03809732766704,43.589483209678676,19.665192485723537
578,1.7889341731988018,8.872712160971737,92.1668383843858,-147.43776138578906
579,0.7675271822579666,9.774159544912331,52.2381936996219,-26.58071431709986
580,9.367869378510399,9.372572411039426,67.24586198036081,-88.60927240047005
581,8.358248604096564,8.83543176354069,45.32462189364799,-11.156662877898203
582,9.726186088779748,8.611486125180653,75.33452023991146,-75.67347771974427
583,8.231748373712113,9.060959643218608,74.8161418424581,-94.73637312032793
584,0.3310361888245328,9.069258350232285,16.50261461184917,31.110628175730255
585,5.694970685872081,9.686526485502075,56.41758525969871,-39.10758440281399
586,1.475150679747016,8.166856990401163,61.72320314007671,-116.0863992929142
587,5.8005403361048415,8.556688969268892,32.06358596037202,22.202231748561154
588,0.8349060471999326,8.880978514757029,86.02277713307377,-184.14007644726954
589,4.552872755668245,9.633325407185067,53.432881416675684,-11.781094809735023
590,8.591571086959156,8.586074706865897,36.92099157307533,32.43372621508675
591,3.2557643197903863,8.830760533349586,65.64624271237801,-95.6834927502244
592,3.37594996690312,9.071242964618643,19.404063364519494,64.67221532090794
593,9.18136519599223,9.332423244783941,79.8246059188154,-124.03162874560286
594,6.372031600607847,8.88110461699771,20.47358564340507,48.55330196839585
595,1.6595065641903084,9.811976155509615,72.40723436102641,-111.23636563996455
596,8.741231655000899,8.41910894765327,41.82526302365133,-19.682373149012516
597,0.9556686693949612,8.978161438637237,46.14449827422558,-64.99246385982829
598,5.901226719980785,9.619723245848753,59.131399850926876,-31.26372031458807
599,6.32749696106656,8.706923517043785,86.2198445240007,-105.75969169663404
600,3.326548513390324,8.133754108704885,24.201419665991025,25.95726369477974
601,1.6118012770318468,9.603763311272218,99.86570031544633,-193.0236211196928
602,6.407745632212471,8.185426547295986,97.63978235552771,-173.23775229850142
603,3.8773995581886354,9.187025513996161,68.99035852498575,-101.74366752298337
604,8.165278563545103,8.97347278368834,45.13023609766429,3.4591125872122763
605,2.2931971237836257,8.789355996182836,57.856081385169695,-55.211540552006966
606,6.651164193695261,8.404746435070072,21.110642976647142,64.40832723142607
607,5.756074480568213,9.59854493235221,91.57181645397456,-189.33488511659726
608,0.7937200227214525,9.424604655473836,80.03697369845177,-131.84007387185403
609,0.4232201549807624,8.343160158667033,45.99288253088366,-59.519394017752056
610,8.570224970629933,8.18993260548153,79.2501353771921,-121.9397648598392
611,1.4754213701769137,8.537116642829671,72.33491425410152,-146.59603720183867
612,1.03077706004855,9.463361853076181,34.6270082055388,-19.85884843723378
613,1.0634875230180274,9.056050949057164,52.453859005621055,-40.36858663188413
614,2.9325155688434035,9.842322021981087,88.7603958914517,-179.28621382826694
615,5.301168250886448,9.982147518033493,96.61679666963744,-152.72836882728924
616,8.66325520809733,8.883339558510968,42.110926368705265,12.75671752694793
617,8.687837464762683,8.088430628563817,85.91240969623547,-115.9298776126438
618,3.565033019898176,9.930881690355248,67.57755046686422,-117.1022566499644
619,0.9812746125998584,9.869721039730855,36.30203566427457,-8.502196656014881
620,4.382272861944202,8.842138733833618,64.55542543192794,-96.20018937106589
621,9.474862329904601,9.46198104448833,86.01948252622925,-130.3717432169074
622,0.41595019780141684,9.04157975684366,35.95049338042039,18.633247028615102
623,3.1084755706809086,9.372765370690033,37.32046919300153,22.965368475034253
624,7.822869120633685,8.255435101923643,25.883805043159988,34.96612816656073
625,7.955101481787209,9.185959652251743,82.1710404453474,-107.00201486227218
626,8.525806491097102,9.782654134539083,52.994738873909014,-10.013830609134784
627,5.438910620405114,9.04595277729772,93.81535207325122,-166.3929239885828
628,5.906285703762245,8.035512264107165,72.74540366076891,-116.2243231460551
629,1.391079725233978,9.866238198978952,56.92733342697857,-77.98541514713938
630,0.34723662398611244,8.295500773418826,26.609098294120894,8.303181066065187
631,1.5525957606909968,8.028902178568968,54.63555812689826,-92.65765417741702
632,7.5691947363295835,9.56490038166496,71.38001481522707,-63.345100776884536
633,3.687824263461865,9.910339402773339,76.90560942457174,-117.27153957030174
634,2.8281236337861793,8.03978207322631,61.623757676064095,-92.47430081364908
635,2.4179872071636774,9.086984529131865,39.80160448872123,-21.28716584032103
636,8.713519177698812,9.888262355291017,83.24482107507168,-125.3338992825538
637,3.6709438524357294,8.230653004382752,53.542174169920926,-44.007855477363975
638,8.880357791651575,9.665384123178677,96.31215245980097,-153.6627429425012
639,9.498786592616888,8.431636863091612,33.97879431340975,43.41347090708642
640,8.727589024830735,9.72849659115967,65.4538180647842,-62.30222383721299
641,3.720453721211804,9.509980216057711,96.71471936064373,-166.69788462313818
642,6.45856823825341,8.170030185925272,57.52503472364979,-43.26865395717339
643,4.326905405837133,9.369419183874403,24.74856113084131,-2.928253239476632
644,7.306004196577945,9.23652688143819,33.65601411343697,-23.99400047862278
645,6.989447597923322,9.694405365851162,17.650945106640506,88.45195309053697
646,4.302683947650461,9.094787696192041,93.4336916628874,-199.73749119313413
647,4.038717881806516,8.10730130498247,30.68958361042624,-13.003683005742253
648,6.01106057351717,8.732547407896032,85.5727161300842,-159.30550135407495
649,6.488855055769015,8.837357887962895,98.77520728326576,-221.02389974225645
650,1.1407951736726596,9.774319098959129,64.20844193917006,-58.12201480222486
651,7.0535109296934895,8.711857706934325,99.90361970957916,-200.3107027844131
652,3.5972906935702733,9.158590535371406,27.26079290213363,31.560592687117325
653,4.229263849474082,8.196160680484212,62.31965827680522,-64.0717731164635
654,3.135421659087718,8.427396557936953,65.27210291012449,-127.58796092142445
655,5.683060501391747,8.1496897573316,24.340150616712066,27.444130719263274
656,0.33565019409973695,9.324831529506824,49.07331727324034,-56.070312511668945
657,9.768400696072483,8.559812997092763,79.87914690487116,-100.97476565675534
658,9.705892112697779,8.352556321338355,36.7494255766911,54.041192895917085
659,2.822726492867659,9.064861338850479,82.46935538340931,-131.31121146112022
660,6.5782075161439675,9.32259595200124,77.79735812281766,-120.09862233702844
661,7.770859922407345,8.159333595728373,60.265297684975906,-29.57277866240716
662,9.454950073601886,8.124816103882491,97.51878634024342,-157.84016789599684
663,6.681080286404554,8.657442406117301,79.12871004541289,-126.38327825008344
664,4.505201859319111,9.7219907711623,82.87322179882142,-93.49173698199448
665,8.402529857157715,8.14207551808406,64.9170524081365,-65.95374299850492
666,8.225205617110648,8.425984633567714,55.31011745626615,-69.78897918607277
667,9.301825245105391,9.080252863702896,19.342077074095492,116.3016270197135
668,7.020578245256369,9.980375362599236,38.4355577919584,53.615361589818264
669,8.006254486609738,8.459237867657102,59.6042749266182,-47.12135255126865
670,9.58945081479748,9.338777232441455,65.64696920238427,-48.876100786707
671,3.8588387181396544,8.913698118334205,46.143725593852814,-8.85789331867256
672,7.325101027862519,8.531765565134927,88.06696552714612,-118.28416134142316
673,1.2852469489502272,8.234315255280663,17.777654732425432,-16.45666229295618
674,2.053341366949637,9.875156806172702,68.41226690032019,-110.51343328761719
675,8.831822328409942,9.481285786852851,66.38430151341396,-44.094014196883904
676,6.9582356110173995,8.935640812112371,22.085238121256392,81.72497872987866
677,7.1090307227118466,9.014212561433036,39.007743229589636,6.116741856793961
678,3.6979113854495624,8.13508438688255,53.34689510461813,-81.69978983755496
679,5.782741947960163,9.889156568945952,50.837900798703195,4.256955536830294
680,0.8380892496939907,8.086854702527674,29.909485242667262,-10.236548048567858
681,5.941826075573444,9.319803671969172,49.19021653284557,-45.39985577979657
682,1.7697326759469967,8.871637459063015,84.65191452640494,-152.36167628120458
683,4.208672281477302,8.619559123578046,84.69666975313213,-136.81594063641484
684,2.398740661469608,9.005920906818254,90.87037343341733,-138.29150948449217
685,1.275283612551238,9.965695640781075,80.41420852142033,-173.16346365870413
686,8.956019867706207,8.320028135179026,18.25148986324561,99.20756257611004
687,9.100764736510275,8.47560352031637,52.94360602094776,-17.507270657682184
688,6.288792202356949,9.325022470124722,28.183728184884586,36.13575523824498
689,1.5756073134250437,9.036320523316402,80.11586338496785,-131.19294845275334
690,7.305895437252397,9.244878931390327,20.544093904781697,72.59171716528357
691,9.890964232919316,9.051841457262341,35.04441894829503,39.221383085942605
692,7.797477593571713,8.584209323239984,42.96036283627612,14.59545133679967
693,9.795347138582146,8.715688113447667,91.96471482660635,-104.89947909481465
694,8.049482782709134,9.165331128591138,78.31476091534932,-105.53763114198793
695,4.197325477560174,9.670942764720316,17.16765292803899,85.27372959359
696,4.650540934239187,8.89089096530088,15.311761356153031,80.46734924024346
697,7.563950299639971,9.336554606738375,46.986757246517,-21.36170731828124
698,8.10150169274659,8.309373399182244,85.87935589603514,-149.2732143428712
699,1.4134304917151663,9.688907985618929,53.22066800596173,-22.475729128244772
700,0.8116154752598481,9.660492069948928,86.94301830967962,-109.21222280409602
701,3.5755085295924083,9.888326664805696,24.380407068532698,42.841341609838636
702,9.687920051641033,8.066004256785106,19.072756513797056,64.75318913990002
703,6.917280065942974,8.903359953794213,91.20995065977937,-187.26122518036505
704,0.2263247595233553,9.360005347372846,33.00034986991896,48.770610024272585
705,2.128218910531815,9.73132965496298,73.25968377540742,-114.54926763106009
706,7.262467040042786,9.155461359081002,82.65190603307462,-118.0137825087806
707,6.732181613849233,8.078944151316794,87.04915277589046,-144.3884642315642
708,0.38396367811011856,9.243024469748143,49.85917462057035,-50.05405148455827
709,3.5868729469078255,8.113592794175185,98.17918368043244,-165.7123917257772
710,7.511412546992248,8.363639515984165,66.55044976500272,-49.371021872392625
711,8.656716461324125,8.888790668426234,65.06989524545872,-48.95203078213125
712,9.542165029462568,8.118355308820245,52.910214856355054,-0.5092388164164419
713,8.795647581708362,9.205279327630077,52.131947071469305,-13.292366378830064
714,8.659624942131549,8.145763630606552,27.271971150778143,21.22937829303001
715,7.1205712179678375,9.045557372773855,20.713557811865524,71.18195160204056
716,6.637710342177633,9.89572965995155,92.02144414192084,-180.18402676346543
717,3.847949517167839,9.955936759845319,18.422454188386833,59.5735374248152
718,1.7930413261072609,9.581168307037391,17.523079606890647,60.86514272122383
719,7.4453205929227595,9.943049606675718,24.205337006894744,53.229772256532925
720,7.670239522501895,9.1225708513228,64.25414438096067,-57.27291391752662
721,1.5654745295000094,9.383362473949429,40.20815570536769,22.633415007565304
722,0.023019449974926998,9.70169231090581,84.55901003047681,-193.3936681317186
723,5.216877117585291,8.40197939157379,40.10208083389388,-20.425383330428733
724,7.585711260906697,8.685288951646779,18.280892072335398,58.3200670361003
725,4.411689054025858,8.739227760945997,25.797114995761817,53.31410722560993
726,8.88558257314198,8.335565573497725,44.389124243304465,-5.022701936100633
727,5.293153195806041,8.24762203674586,50.417367510946164,-41.85414819256225
728,8.849915371515868,8.786497453389842,45.72845677854418,-38.6666486424535
729,4.5267661727554875,9.423316254251436,71.29044122290378,-80.75587024876947
730,6.839128557646317,8.669603128956446,78.40217603004389,-126.83262814165765
731,0.6119962283630198,8.35236774067394,54.47548714244476,-101.84821924815432
732,7.405372463549309,8.07743743190525,96.06393891622504,-158.08787094479706
733,6.725967456416779,9.924340391986696,81.42668053395029,-113.83469262017593
734,0.1039580021800135,8.515284363822342,85.30059938825943,-195.8470699424059
735,6.732219005788766,8.71142863353125,59.7439760283572,-51.9643506023102
736,7.89924796089172,8.655435477279418,69.6953469596974,-69.62405848949035
737,8.307746189659516,8.31092560918221,30.993477813935858,34.6507800611796
738,9.943820336530127,8.661622034825012,15.002202380054896,97.869990968394
739,5.67055484116516,8.474116285667929,27.64981544486487,23.085256925074045
740,8.615616068504906,8.932294880106571,95.64035886378596,-172.63060025664106
741,0.9117119204942081,8.717359549632535,73.27853222344406,-94.57973306000653
742,1.6891317784405524,8.911102908061476,22.15105624924965,44.723439379603995
743,3.3060729772644972,8.575764525480096,76.29963061136048,-140.68523390482613
744,9.547285527393704,9.884614540235859,66.89136337090137,-52.04992209917918
745,1.0369830365688548,9.099119866521505,26.81269185670903,39.63916107162182
746,4.972331215385985,8.45412806533875,52.05263287565192,-52.314149612270526
747,9.890876206270718,8.335696514175115,72.07562506858321,-84.45883486524168
748,6.155336907747046,9.866387490783051,57.6904982309523,-36.557263221294875
749,5.56941726589876,8.112172593344452,54.42385239476397,-62.46896016356466
750,2.374308017697455,9.718456265962635,87.35757736050128,-189.22522268929396
751,4.683758989305486,8.6878155002696,93.97747886030506,-189.7016478772939
752,4.688477734012793,9.77172314620751,25.928187416357975,64.45595970685139
753,5.631276737565564,8.50656304410377,23.832528511828926,22.106891058799068
754,4.116600051230384,8.895683264283784,46.62328714427352,-23.28845070574323
755,1.775369444374153,9.889259858187328,16.643327254737564,71.15910084574344
756,1.5232869210911693,8.294622740593379,95.65494489788121,-175.09214264315756
757,7.496345710111187,8.720008773979856,60.64907673511923,-61.834086177057245
758,4.888555465001377,9.142434197533913,64.91796444052719,-71.597095936319
759,7.292771104316752,9.821113993750869,54.33279105536176,-58.62031085130149
760,4.249683859792413,9.923259083425837,46.1565136237003,-19.49375648262498
761,7.2562623566874995,9.448387964019485,72.45561838783459,-92.54282537501894
762,5.880075040329505,9.258602291742589,75.5453547140117,-119.19795365842691
763,1.3707105428407895,8.225823156591455,36.78650674082685,-26.165242750073652
764,5.647467875806288,9.908676949130735,91.80992613421562,-150.6646483747007
765,2.944745847212382,8.9189415976036,46.31306429508,-42.41226007133132
766,6.339949202844154,9.347256102085272,46.495844608633995,-66.77531248037911
767,6.4323510522353065,9.496180964482011,21.098254160126082,106.14581700410973
768,5.525019151285726,8.724937324166987,50.578590245544945,-23.150070028953444
769,3.900211551481443,9.584753589196744,58.379570153433534,-62.93899650516097
770,2.671220471794329,9.889842796572148,88.6690038306449,-126.12672581898143
771,8.021664190071029,8.534180739243522,43.50192465602713,-3.687114450453347
772,8.996358935418415,9.662482457302367,95.70812275644742,-139.26702316955877
773,1.0158785563846873,9.714334459322515,26.993741793890248,30.326575696485087
774,4.53780048828094,9.170327993698619,37.96415295512423,-15.269613993018796
775,3.9402291037260717,9.435843172030854,54.952095977578814,-52.11351738002074
776,6.716434141598199,8.870447932408178,38.910457547344436,-22.814319532154357
777,5.537935586170242,8.98441559109019,58.0734655157366,-59.48162950967513
778,8.429087169521264,9.776088901238316,93.76981978340521,-152.51023161448816
779,0.05964701009241957,9.059296615151029,49.870560751613375,-68.75883662990805
780,6.459078508078725,9.711272674314431,59.568262088856684,-35.43429655295682
781,1.148565919217368,9.373005344950053,87.46753392900943,-167.83692867844422
782,7.563752508248591,8.748476520541445,89.74610186714408,-169.3234150364919
783,2.2804128374016575,8.216624470327051,95.12063965765027,-197.04008718635347
784,2.185378617764062,8.840006884624671,76.19751552557422,-82.51361499775454
785,4.113404369582646,8.545893131602037,91.21402525618348,-183.25047135813742
786,0.6849513104778204,9.007436731074273,91.91741984621495,-180.65114076474802
787,4.687522377120645,8.818024272699988,74.92741527839223,-139.95261363787975
788,3.5443835272618673,9.116432957434919,70.10729624473021,-93.16662224702878
789,0.827021820245214,8.720393108207206,69.01171772300661,-111.60707363874864
790,1.3582855807257588,9.850118369830199,72.52829603931431,-102.72321062541815
791,9.127066908226691,9.093161023006772,34.16522790202845,34.66288048462057
792,8.71927725854768,9.451627636658577,61.65896276662306,-50.51306532852379
793,7.8366425891811,8.233183035735507,80.58277218342334,-119.88393974431327
794,7.148363688893788,9.621442951770828,43.13649822314973,43.63254389278427
795,6.703393976227023,9.304906379594273,22.89336981688747,7.248257958614815
796,6.341914384831943,8.367773875099152,23.778350818236312,52.528551901207365
797,3.9067378349108415,8.273195481525434,18.90511416641756,26.43663117874315
798,7.666537196836714,9.313025547433766,26.599759792371678,48.990177874970634
799,2.217096455371117,9.853173392967713,69.68369254338944,-120.98192791782483
800,7.0675743261896145,9.185096694663612,64.86332717368626,-42.40309272965143
801,3.045543597357343,9.36429004735957,78.01346350458938,-113.7467969841237
802,7.837222024643003,9.714378662610866,78.28859071702193,-92.59490681859303
803,6.059978555568763,8.253878561167529,82.9117734546194,-118.45933762430657
804,8.717482634834104,9.517335738120762,63.24385365880673,-54.24501435252664
805,0.8593779854897954,8.141064935858532,95.29134422454749,-186.37602941184946
806,5.45651862335477,8.543866420324804,87.16176465045189,-109.072238567536
807,9.155451992798122,9.263619775279295,97.88293270884967,-157.60097811164565
808,6.126614900526017,9.320616998804011,92.25892840008093,-133.83494233110713
809,5.59331738046196,9.869817002555665,90.3860249284492,-168.10437558143656
810,3.2890486273937203,9.16232019965031,94.63705572448957,-146.43324325406823
811,8.32604482216566,8.888119245825468,96.25949603157295,-158.69822919809644
812,2.4516652935294028,9.22911303916274,48.108634777617134,-25.55921805218741
813,2.8802238672283242,9.640003747300362,63.656326459410685,-96.4045236105813
814,6.026081769587487,9.00381915245228,55.45984086961734,-91.2351835421887
815,3.893001588160195,9.114107342031726,48.06721609781285,-56.11757065215711
816,4.123107742316972,8.200551115307222,55.392219399659595,-69.7129432526596
817,5.328529099383832,9.303400410924588,89.6968174531357,-168.65149346603852
818,8.759270068961962,9.997730214203749,92.923493364743,-121.58030842099734
819,7.643135726355573,9.601554972448442,53.93318311025419,-26.30065244266902
820,8.51717969552371,8.990451100068693,47.692867505531034,-23.724110647572267
821,8.399686879466561,8.484350694445936,87.61821363171867,-141.77996320241826
822,5.470905465424751,8.172924470879847,87.00236632162085,-156.31919684383067
823,5.447416914075969,9.529262410505542,42.44919273685095,-0.8129103189790845
824,0.08815275717231952,8.702291001812775,51.90097381062185,-85.14925244848952
825,6.197031392705129,8.823977011182553,23.424349919155325,101.81033101199942
826,9.123700082540383,8.61984821676364,75.6185460535509,-101.71355099358574
827,2.125960082502724,8.607319279432502,18.521009734046196,38.22979680124989
828,3.2215099694650284,9.166786026340302,19.543667708029474,67.01178114027357
829,2.6164609704488297,8.495182257731264,86.57584572687995,-135.92231498200343
830,8.93361881918768,9.111334493313738,45.95196352681197,4.54951220886953
831,8.224508056014091,9.800865182212746,90.74546053988936,-134.6125474795966
832,2.616506645070966,8.2327202711693,83.13439754636924,-155.21640981251795
833,2.06883910810416,8.940077784139717,45.51762832843525,0.3132257255835853
834,5.263695749697156,8.416967076379212,34.28407521505651,-7.424901782014231
835,0.17429020717821708,8.122370821674126,28.07192126357775,-8.925121933393036
836,4.173857570664893,9.505783214454187,99.28071459630412,-192.93494457717208
837,0.8902295402730809,9.34586102303943,92.23573656710471,-190.8781982945986
838,9.872798881822561,8.377315441252193,72.00608016159397,-40.42929247107792
839,9.49488580694961,9.181056657652178,60.59334713779125,-42.08893538748622
840,7.521568424599123,9.44194911532471,60.398892223602445,-66.49454448351133
841,6.402643681523984,8.36151386252252,15.493523526983257,62.03001872543866
842,2.08377790913754,8.743037466440462,29.89939087975447,-10.935754644550574
843,1.6786617146385863,8.826348115087491,22.234145308874727,61.78363607938698
844,1.437201699603966,8.819625668528039,68.12236974643704,-108.9730972952785
845,4.5284622781341906,8.87864939289477,34.937805780164915,-2.6652466572355102
846,0.04471073000815062,9.43079092064827,96.12097127196724,-224.30566668556423
847,3.1478123477732964,8.540501624144941,67.53743167337413,-98.37080973284506
848,6.104546867972955,9.743044188490973,16.085916715219632,62.88243919949743
849,9.938933598564004,9.18477582726284,64.77596983082653,-52.571767576811126
850,5.215802129509655,9.003421342074873,40.363870746481695,-15.853195980258254
851,1.0267690042265953,9.191016406914397,66.03998125165627,-87.56682779144177
852,0.5239253973921165,9.795584243511255,42.78072528443451,-47.23355069585169
853,3.2858433286551825,9.831549769574554,48.59195967891365,-14.664202650791395
854,5.59761691447287,8.045374659493374,64.06293677798917,-86.06732487574526
855,8.377541508023251,8.049207266519568,34.501060306521396,5.059434998591922
856,0.5611356546175228,8.990279836814093,50.848109618339734,-39.05674269971282
857,8.949200755388592,8.370023596641548,53.37225971039069,-12.045102427241869
858,8.957995066052236,8.48185098936515,69.93589539655977,-67.86678489448346
859,4.52258473416345,9.068277166920888,56.38830151811006,-71.61894986100712
860,9.049277940262636,9.117148722778865,52.588246640564456,-20.929728257502244
861,1.5319019789585797,8.205362423627092,34.97050177597433,-3.2115730961317386
862,7.36461221784782,9.360232653998194,48.911892537719005,-23.874195237402905
863,4.747040674060362,8.581801321189447,52.40608470327477,-48.7744128652169
864,9.741068255664722,9.982070449475993,22.388610596619316,121.0299750731021
865,5.256821598308935,8.583040768323585,82.7915950697081,-134.70250897378628
866,8.581112948376578,8.699439622126024,16.690166977528,87.92114831953403
867,8.188304585637775,9.846687670265373,23.979193114684737,50.4906300886521
868,8.385568270080942,8.983674680705839,50.175956802311774,-20.325078231219756
869,1.8838329769834605,8.121061068878621,78.03162422269472,-154.01134190677584
870,9.248689451447264,8.74914962771817,86.4537362768711,-130.48002396891584
871,7.063191579113541,8.489318453124797,74.24899014202953,-80.39883107910211
872,0.587881207562666,9.407425103417257,61.727662724329754,-88.87992940243949
873,8.836311928637597,9.413635836435697,59.403802116744636,-59.09178801693064
874,3.3772916881459403,9.813618175596176,77.9271514135722,-131.33783354008608
875,9.958011273687774,9.262696185827997,62.78546696123298,-40.5690862028789
876,4.620741824933807,8.530638806851112,61.050862214288685,-64.97527319257144
877,8.109186947870374,9.93358627622529,46.65048191890189,11.667123787198916
878,7.034226941195902,9.261005927427073,51.576834498799485,-30.457164337964013
879,9.606795469650308,9.371083295823922,38.1207051957265,18.714169582468102
880,7.149308631889157,8.63969369927464,59.87764119966055,-56.616003218642554
881,4.952138790321701,9.86321376137102,15.960190348255576,28.134401894971404
882,9.747446097285167,8.610235996927635,40.16985875503974,-17.524408518734454
883,7.269469992684695,9.505687904153925,62.651993262353,-105.38516558695291
884,4.968954561855282,8.766540411473066,95.64053771207026,-179.6661127776019
885,3.3062054403730388,8.704635826711181,34.12716261646598,-15.256468754638188
886,3.692281898157189,8.949859422047398,26.889836469182164,26.445127537076953
887,0.768644597049738,8.444740262199847,29.990502835866614,-9.506286917101722
888,7.676578261074965,9.977229224653119,99.16636302302395,-154.7322955189011
889,9.272810599151098,9.749704266086393,41.936328332514066,24.6233885248481
890,4.226648547809628,8.314167424249824,62.26310899504147,-65.75343832451235
891,5.208931215305541,8.6769685951499,87.98797786462599,-169.30722382107416
892,0.08954106847701149,8.76544055182558,97.0129930913864,-203.77177867873098
893,4.303273947400669,8.024315867635917,86.89986855825481,-198.82679012950453
894,1.5306156563579132,8.667551321775395,50.57103560000888,-55.221230184097486
895,4.813891545540373,9.569076389173018,72.13159347466797,-108.4202725846962
896,5.022241365931961,8.163019812060494,40.801278172238554,-35.36203423894071
897,4.911422159616099,9.476228797949426,26.42018480741428,19.33529636110539
898,7.930161355404326,8.418690935190385,93.09908718979226,-114.6658246972729
899,0.4950112351014524,8.98121909214847,44.89851790573981,-55.583448299025896
900,7.163406761999828,8.665287069753624,15.835768760483809,62.80292700268009
901,5.512657988515864,8.920587931422613,46.20774247488312,-4.525000130927776
902,3.444676001914435,9.82750931102263,78.54721573959941,-134.97256388755827
903,9.414144036242577,8.864277696689674,31.45134127161323,11.948243869189564
904,7.533130216271051,8.36080422484704,25.509614853658604,58.9143311899396
905,8.01207634001447,9.991620297625266,27.08138333143696,56.162186733592044
906,6.270311144897755,8.222790701956141,48.66144800344167,-35.6176778567051
907,5.4828481090541645,9.6661329269238,21.959745610316347,79.73973717006254
908,7.176082223481296,8.039503037023294,86.54117515346054,-155.61603201584063
909,5.2884621167407,9.343585863612468,31.364441792514068,11.54957121604
910,5.193114153738783,8.579414786983751,35.18639699183363,7.509298449736645
911,2.389709493572345,9.328251352315998,27.995161095844935,12.81616103726548
912,7.295448907928856,9.360306237789672,34.33113158775957,20.262574480773615
913,9.960752264120208,8.366310034785485,80.0928859899008,-80.57106616625798
914,6.718740796117255,8.72159336038843,41.3874959364913,-39.8114999816982
915,5.713389066968173,8.028462057737984,44.73868856550996,-21.056981253075953
916,3.5709936052931512,8.564328354129541,26.78163191712227,9.73908925007688
917,0.6427347123155658,9.040268101226038,26.67640505822814,18.78148887273316
918,7.0781963936605505,8.550066918522749,83.96573501364094,-121.61456535017683
919,2.3479276812337635,8.772775755313052,57.96243700395691,-64.57525285564017
920,7.8527426618230125,8.405997696552774,89.19533732428981,-134.01891114455083
921,3.5995472157163144,8.09329545103679,87.49557965224345,-186.396453494608
922,0.7132198267953704,9.819862506108047,70.74168150379293,-112.7581976012024
923,7.852049762186074,9.58549281629608,41.528482506592844,35.849227813535876
924,3.8850211886247052,8.736936824073908,63.03501464353522,-100.89517025034428
925,3.5676746760777425,9.395790970914193,40.30338451209522,-5.295564036551195
926,5.160932689757745,8.945911953189212,64.54240660587926,-58.33232425205064
927,8.325680664295362,8.689375065931667,82.98512556992408,-122.3816525369327
928,3.0164495137260463,8.294229346538202,39.90401554552416,-64.0794452489485
929,5.413658192795591,8.654636627599356,43.71367644234478,-61.464806886832676
930,3.2302665037354847,9.389462591186634,27.350215932959046,50.44066795282498
931,1.2482315355515672,9.005257270896053,31.161386234371275,43.04641206652815
932,1.6938389757861938,9.340203645879606,86.24416460500831,-150.82104753661164
933,0.805941261419294,9.563830533771688,33.967358800557975,-12.027297561698624
934,4.630165161848646,9.85667214378666,78.88788973091584,-125.21710384096083
935,8.586334240976889,8.659538613300198,32.512071884258404,10.512420486636557
936,1.0435521933184877,9.490466225772582,74.21597260472069,-78.45520346395324
937,8.52987566243117,9.838233328198628,75.63366036720285,-91.84583865383412
938,5.971230422333505,8.417436722046867,42.56539090632144,13.256313126697084
939,9.155838588014113,8.122383208479361,56.646430986566024,-30.399858313479413
940,1.7771627446462668,8.623772392277816,98.11123788150698,-200.52639109123717
941,9.821025932977037,8.867116110504224,41.960464358389345,-24.98240647923133
942,6.543839610841822,8.615857310623124,87.31829309285598,-140.87765726419795
943,1.4201771838753796,8.423976220620316,82.38167372583504,-115.67315051237178
944,0.8670490859743385,8.572012163771536,24.39992162176862,1.6985902122030119
945,4.0456529196699185,8.784845358705633,45.676902636790004,-8.634032922499113
946,4.265880116926395,9.751941716007199,19.9897980548177,27.029560520370644
947,8.27747061354158,9.719885001032633,27.307099492775393,62.512235362764876
948,6.505773455358968,9.636447346000566,33.79507215535354,54.248767152666595
949,0.18882735015014696,8.552565985320696,85.90497410497115,-176.1102041868441
950,9.04682124999577,8.732230843904672,70.89816157447572,-84.7585413619673
951,5.304500882949349,9.217977003620943,70.08079967181459,-98.31871020932434
952,0.7992026004767039,8.487733738212844,88.6007599636005,-170.5566091977173
953,6.24670461847673,8.738123858240764,25.735274346558597,69.34971321794617
954,4.659726971197325,8.642160400687143,85.43482298858635,-164.18049107716416
955,3.169795356159285,9.962901136648375,71.46160634475996,-96.67042133096831
956,2.7663545774636455,8.220159661122537,97.9316514372023,-189.13022228358318
957,9.482454296027184,8.519542550901628,66.96839496068623,-36.02178594939179
958,7.167804472832212,9.319704350857807,63.20118322092982,-66.51517521020241
959,2.582648296309981,8.679822180005164,74.72623254571837,-91.68798806508505
960,3.489106585080589,8.65156816409786,62.12632293042292,-79.73582238158528
961,4.7076843135101285,8.66623099432216,23.784686714353263,42.28741869486582
962,0.3816733217205148,8.0333747904119,62.94990031556366,-133.90792951965545
963,2.990565911608619,9.018226213350683,76.21360284183993,-131.93103048877026
964,3.7176556017580307,8.686231834058047,34.06669522732881,20.86331364031286
965,6.216696962435114,8.171956417210763,96.78290301992206,-206.99699111413958
966,0.26972773436211517,9.864817942209733,42.470599756686624,-12.260786592528678
967,9.19548407518594,8.057370534224953,52.35376831570942,-43.24227948406329
968,2.388659741962913,8.768538109955156,97.88493746605337,-194.34289580229154
969,1.374101207316113,8.730773395063032,81.84234073810829,-159.10507704583935
970,9.374218585557312,9.6039402806153,26.056038172594153,82.53564952526277
971,7.562191852979806,8.459368697734615,49.65021739965249,-3.8628626518609863
972,9.528881779827593,8.536475741602313,93.47351823777775,-112.77878449702803
973,8.596590991091897,9.454355779049287,30.3476303016157,32.3732249431819
974,8.6372267814759,8.320199411503975,91.75937201192718,-174.60619668507096
975,4.054972150712334,8.835368689078448,64.14491238308999,-96.57039065598995
976,6.9650758760617215,9.842298357344589,78.74826513355426,-88.98073653239051
977,1.2349388106157821,9.035810054782457,72.32865352799413,-102.83035552243462
978,9.826197174443273,9.607391954396773,34.84952161634938,27.592264367355302
979,2.934091885891145,9.74469991619066,26.627393473623613,5.835960119991885
980,0.5636382202893042,8.663881058728396,35.96712885562627,-34.818636967079975
981,9.34540777443704,8.23718870464017,51.47019232172108,-22.057606822658368
982,6.48779545292199,8.688747735173619,65.29856513435138,-63.1740409622937
983,3.4558249488657666,8.69555547280105,33.52571345203614,-7.824069259061325
984,5.433103570587741,8.89699816809606,43.48659845714167,0.5494465583253767
985,8.77491345663633,8.598025603679694,65.30387237028273,-53.72254139745857
986,8.705949623497547,9.32475019401581,63.999706522273506,-35.78453282834967
987,9.765890834340862,9.186229802680975,41.99237192119186,0.47656608909140097
988,9.813649181997583,9.053099558601769,55.8541601248151,-42.67709458142471
989,4.358964552728924,9.269675814412118,82.17714445458874,-151.30912811141184
990,0.8430023581304391,8.987717937682113,90.95499247134151,-169.59003218202508
991,3.771235604394189,9.236474476626556,21.86725463726944,58.74392300252222
992,9.452977728960198,9.088443555079365,60.66590839803044,-28.818331460439534
993,5.208446231149695,8.44260835028103,97.42569520180358,-219.2524431721892
994,7.856904379901217,9.984232675676283,43.29553452248666,-1.8853561355765134
995,8.615666004893583,8.748746005307357,91.95629972783696,-139.85982979120064
996,4.293753782505794,8.846386832007136,20.408689267997627,67.33748448407236
997,6.854403201046296,9.529571652509132,75.80393413446262,-91.29342324941717
998,2.6476413457675707,8.628607822332654,76.24186893336218,-114.3850458378869
999,1.950037886432926,8.043386780004086,50.84029510127359,-78.37492902681566
